48th Highlanders Museum
ALLEN RD and Eglinton,Eglinton and ALLEN RD
Adelaide and Bathurst,Bathurst and Adelaide
Adelaide and Bay,Bay and Adelaide
Adelaide and Bayview,Adelaide and Eastern,Bayview and Eastern,Bayview and Adelaide,Eastern and Adelaide,Eastern and Bayview
Adelaide and Jarvis,Jarvis and Adelaide
Adelaide and Spadina,Spadina and Adelaide
Adelaide and University,University and Adelaide
Adelaide and Yonge,Yonge and Adelaide
Aga Khan Museum
Air Canada Centre
Al Green Theatre
Albion and Finch,Finch and Albion
Albion and Highway 27,Highway 27 and Albion
Albion and Highway 27,Highway 27 and Albion
Albion and Islington,Islington and Albion
Albion and Kipling,Kipling and Albion
Alexander Muir Memorial Gardens
Allan Gardens
Allstream Centre
Alumnae Theatre Company
Annex Theatre
Art Gallery of Ontario
Ashbridge's Bay Park
Avenue
Avenue and Bloor,Avenue and Queen's Park,Bloor and Queen's Park,Bloor and Avenue,Queen's Park and Avenue,Queen's Park and Bloor
Avenue and Davenport,Davenport and Avenue
Avenue and Eglinton,Eglinton and Avenue
Avenue and Lawrence,Lawrence and Avenue
Aviva Centre
BAPS Shri Swaminarayan Mandir
BMO Field
Bata Shoe Museum
Bathurst
Bathurst and Bloor,Bloor and Bathurst
Bathurst and College,College and Bathurst
Bathurst and Dundas,Dundas and Bathurst
Bathurst and Dupont,Dupont and Bathurst
Bathurst and Eglinton,Eglinton and Bathurst
Bathurst and Finch,Finch and Bathurst
Bathurst and King,King and Bathurst
Bathurst and Lake Shore,Lake Shore and Bathurst
Bathurst and Lawrence,Lawrence and Bathurst
Bathurst and Queen,Queen and Bathurst
Bathurst and Richmond,Richmond and Bathurst
Bathurst and Sheppard,Sheppard and Bathurst
Bathurst and Steeles,Steeles and Bathurst
Bathurst and Wilson,Wilson and Bathurst
Bay and Bloor,Bloor and Bay
Bay and College,College and Bay
Bay and Davenport,Davenport and Bay
Bay and Dundas,Dundas and Bay
Bay and King,King and Bay
Bay and Lake Shore,Lake Shore and Bay
Bay and Queen,Queen and Bay
Bay and Richmond,Richmond and Bay
Bayview and Don River,Bayview and Finch,Don River and Finch,Don River and Bayview,Finch and Bayview,Finch and Don River
Bayview and Eglinton,Eglinton and Bayview
Bayview and Sheppard,Sheppard and Bayview
Bayview and Steeles,Steeles and Bayview
Bayview and York Mills,York Mills and Bayview
Berkeley Street Theatre
Betty Oliphant Theatre
Billy Bishop Toronto City Airport
Birchmount and Eglinton,Eglinton and Birchmount
Birchmount and Ellesmere,Ellesmere and Birchmount
Birchmount and Finch,Finch and Birchmount
Birchmount and Lawrence,Lawrence and Birchmount
Birchmount and Sheppard,Sheppard and Birchmount
Birchmount and Steeles,Steeles and Birchmount
Black Creek Pioneer Village
Black Creek and Eglinton,Eglinton and Black Creek
Black Creek and Lawrence,Lawrence and Black Creek
Bloor and Castle Frank,Castle Frank and Bloor
Bloor and Church,Church and Bloor
Bloor and Dufferin,Dufferin and Bloor
Bloor and Dunbloor,Dunbloor and Bloor
Bloor and Dundas,Bloor and Kipling,Dundas and Kipling,Dundas and Bloor,Kipling and Bloor,Kipling and Dundas
Bloor and Dundas,Dundas and Bloor
Bloor and Islington,Islington and Bloor
Bloor and Jane,Jane and Bloor
Bloor and Keele,Bloor and Parkside,Keele and Parkside,Keele and Bloor,Parkside and Bloor,Parkside and Keele
Bloor and Spadina,Spadina and Bloor
Bloor and Yonge,Yonge and Bloor
Bloor and ted rogers Way,ted rogers Way and Bloor
Bluffer's Park and Beach
Bluma Appel Theatre
Brimley and Eglinton,Eglinton and Brimley
Brimley and Ellesmere,Ellesmere and Brimley
Brimley and Finch,Finch and Brimley
Brimley and Gatineau Hydro Corridor,Brimley and Lawrence,Gatineau Hydro Corridor and Lawrence,Gatineau Hydro Corridor and Brimley,Lawrence and Brimley,Lawrence and Gatineau Hydro Corridor
Brimley and Sheppard,Sheppard and Brimley
Brimley and Steeles,Steeles and Brimley
Buddies in Bad Times Theatre
Burnhamthorpe and Cordova,Burnhamthorpe and Dundas,Cordova and Dundas,Cordova and Burnhamthorpe,Dundas and Burnhamthorpe,Dundas and Cordova
Burnhamthorpe and Kipling,Kipling and Burnhamthorpe
CBC Museum
CN Tower
Campbell House
Canada's National Ballet School
Canada's Walk of Fame
Canadian Sculpture Centre
Carlingview and Dixon,Dixon and Carlingview
Carlton and College,Carlton and Yonge,College and Yonge,College and Carlton,Yonge and Carlton,Yonge and College
Carlton and Jarvis,Jarvis and Carlton
Casa Loma
Cedar Ridge Creative Centre & Gardens
Centennial Park
Centennial Park Conservatory
Centre Island Beach
Centreville Amusement Park
Charles and Jarvis,Charles and Mount Pleasant,Jarvis and Mount Pleasant,Jarvis and Charles,Mount Pleasant and Charles,Mount Pleasant and Jarvis
Cherry Beach/Clarke Beach
Chinese Cultural Centre of Greater Toronto
Church and Davenport,Church and Yonge,Davenport and Yonge,Davenport and Church,Yonge and Church,Yonge and Davenport
Claremore and Cliffside,Claremore and Kingston,Cliffside and Kingston,Cliffside and Claremore,Kingston and Claremore,Kingston and Cliffside
Cloud Gardens Conservatory
Colborne Lodge
College and Queen's Park,College and University,Queen's Park and University,Queen's Park and College,University and College,University and Queen's Park
College and Spadina,Spadina and College
Colonel Samuel Smith Park and Kipling,Colonel Samuel Smith Park and Lake Shore,Kipling and Lake Shore,Kipling and Colonel Samuel Smith Park,Lake Shore and Colonel Samuel Smith Park,Lake Shore and Kipling
DVP and Don Roadway,DVP and Lake Shore,Don Roadway and Lake Shore,Don Roadway and DVP,Lake Shore and DVP,Lake Shore and Don Roadway
Dancemakers and the Centre for Creation
Danforth Music Hall
Danforth and Eglinton,Eglinton and Danforth
Danforth and Pape,Pape and Danforth
Danforth and Victoria Park,Victoria Park and Danforth
Danforth and Woodbine,Woodbine and Danforth
Design Exchange
Distillery Historic District
Dixon and Islington,Islington and Dixon
Dixon and Kipling,Kipling and Dixon
Dixon and Martin Grove,Martin Grove and Dixon
Dixon and Royal York,Royal York and Dixon
Don Mills
Don Mills
Don Mills and Eglinton,Eglinton and Don Mills
Don Mills and Esterbrooke,Don Mills and Fairview Mall,Esterbrooke and Fairview Mall,Esterbrooke and Don Mills,Fairview Mall and Don Mills,Fairview Mall and Esterbrooke
Don Mills and Finch,Finch and Don Mills
Don Mills and Gateway,Don Mills and Overlea,Gateway and Overlea,Gateway and Don Mills,Overlea and Don Mills,Overlea and Gateway
Don Mills and Lawrence,Lawrence and Don Mills
Don Mills and O'Connor,O'Connor and Don Mills
Don Mills and Sheppard,Sheppard and Don Mills
Don Mills and Steeles,Steeles and Don Mills
Don Mills and Van Horne,Van Horne and Don Mills
Don Mills and York Mills,York Mills and Don Mills
Don River and Leslie,Don River and Sheppard,Leslie and Sheppard,Leslie and Don River,Sheppard and Don River,Sheppard and Leslie
Downsview Park
Dufferin
Dufferin and Dupont,Dupont and Dufferin
Dufferin and Eglinton,Eglinton and Dufferin
Dufferin and Finch,Finch and Dufferin
Dufferin and Lawrence,Lawrence and Dufferin
Dufferin and Steeles,Steeles and Dufferin
Dufferin and Wilson,Wilson and Dufferin
Dundas and Islington,Islington and Dundas
Dundas and Jane,Jane and Dundas
Dundas and Jarvis,Jarvis and Dundas
Dundas and Jopling,Dundas and Viking Lane,Jopling and Viking Lane,Jopling and Dundas,Viking Lane and Dundas,Viking Lane and Jopling
Dundas and Keele,Keele and Dundas
Dundas and Renown,Renown and Dundas
Dundas and Spadina,Spadina and Dundas
Dundas and University,University and Dundas
Dundas and Yonge,Yonge and Dundas
Eastern and Richmond,Richmond and Eastern
Eaton Centre
Ed Mirvish Theatre
Eglinton Sq and O'Connor,Eglinton Sq and Victoria Park,O'Connor and Victoria Park,O'Connor and Eglinton Sq,Victoria Park and Eglinton Sq,Victoria Park and O'Connor
Eglinton and Eglinton Sq,Eglinton Sq and Eglinton
Eglinton and Islington,Islington and Eglinton
Eglinton and Jane,Jane and Eglinton
Eglinton and Keele,Eglinton and Trethewey,Keele and Trethewey,Keele and Eglinton,Trethewey and Eglinton,Trethewey and Keele
Eglinton and Kennedy,Kennedy and Eglinton
Eglinton and Kingston,Kingston and Eglinton
Eglinton and Kipling,Kipling and Eglinton
Eglinton and Laird,Laird and Eglinton
Eglinton and Leslie,Eglinton and West Don River,Leslie and West Don River,Leslie and Eglinton,West Don River and Eglinton,West Don River and Leslie
Eglinton and Markham,Markham and Eglinton
Eglinton and Martin Grove,Martin Grove and Eglinton
Eglinton and Midland,Midland and Eglinton
Eglinton and Mount Pleasant,Mount Pleasant and Eglinton
Eglinton and Renforth,Renforth and Eglinton
Eglinton and Sanderstead,Sanderstead and Eglinton
Eglinton and Scarlett,Scarlett and Eglinton
Eglinton and Victoria Park,Victoria Park and Eglinton
Eglinton and Warden,Warden and Eglinton
Eglinton and Yonge,Yonge and Eglinton
Elgin and Winter Garden Theatre Centre
Ellesmere and Kennedy,Kennedy and Ellesmere
Ellesmere and Markham,Markham and Ellesmere
Ellesmere and McCowan,McCowan and Ellesmere
Ellesmere and Midland,Midland and Ellesmere
Ellesmere and Morningside,Morningside and Ellesmere
Ellesmere and Parkwoods Village,Ellesmere and Victoria Park,Parkwoods Village and Victoria Park,Parkwoods Village and Ellesmere,Victoria Park and Ellesmere,Victoria Park and Parkwoods Village
Ellesmere and Warden,Warden and Ellesmere
EnerCare Centre
Eskimo Art Gallery
Evans and Islington,Islington and Evans
Evans and Kipling,Kipling and Evans
Evergreen Brick Works
Exhibition Place
Factory Theatre
Famous PEOPLE Players
Finch and Highway 27,Highway 27 and Finch
Finch and Highway 27,Highway 27 and Finch
Finch and Humber River,Finch and Islington,Humber River and Islington,Humber River and Finch,Islington and Finch,Islington and Humber River
Finch and Jane,Jane and Finch
Finch and Keele,Keele and Finch
Finch and Kennedy,Kennedy and Finch
Finch and Kipling,Kipling and Finch
Finch and Leslie,Leslie and Finch
Finch and Markham,Markham and Finch
Finch and Martin Grove,Martin Grove and Finch
Finch and McCowan,McCowan and Finch
Finch and Midland,Midland and Finch
Finch and Victoria Park,Victoria Park and Finch
Finch and Warden,Warden and Finch
Finch and Weston,Weston and Finch
Finch and Yonge,Yonge and Finch
Fort York National Historic Site
Four Seasons Centre for the Performing Arts
Franklin Children's Garden
Gardiner Museum of Ceramic Art
George Ignatieff Theatre
Gibraltar Point Beach
Gibson House
Glen Everest and Kingston,Kingston and Glen Everest
Glen Rouge Campground
Glenn Gould Studio
Guild Park and Gardens
HTO Park
HWY 2A and Highland Creek,HWY 2A and Kingston,Highland Creek and Kingston,Highland Creek and HWY 2A,Kingston and HWY 2A,Kingston and Highland Creek
Hanlan's Point Beach
Harbour and Lake Shore,Harbour and Yonge,Lake Shore and Yonge,Lake Shore and Harbour,Yonge and Harbour,Yonge and Lake Shore
Harbour and Lake Shore,Lake Shore and Harbour
Harbour and York,York and Harbour
Harbourfront Centre
Hart House Theatre
High Park
Highway 27 and Rexdale,Rexdale and Highway 27
Highway 27 and Rexdale,Rexdale and Highway 27
Highway 27 and Steeles,Steeles and Highway 27
Highway 27 and Steeles,Steeles and Highway 27
Historic Zion Schoolhouse
Hockey Hall of Fame
Holt Renfrew
Hudson's Bay
Humber Arboretum
Humber Bay Park
Isabel Bader Theatre
Islington and Lake Shore,Islington and Seventh,Lake Shore and Seventh,Lake Shore and Islington,Seventh and Islington,Seventh and Lake Shore
Islington and Rexdale,Rexdale and Islington
Islington and Steeles,Steeles and Islington
Islington and The Queensway,The Queensway and Islington
Jack Layton Ferry Terminal
James Garden Park
Jane
Jane and Lawrence,Lawrence and Jane
Jane and Sheppard,Sheppard and Jane
Jane and Wilson,Wilson and Jane
Japan Foundation
Jarvis and King,King and Jarvis
Jarvis and Queen,Queen and Jarvis
Jarvis and Richmond,Richmond and Jarvis
Keele and Lawrence,Lawrence and Keele
Keele and Sheppard,Sheppard and Keele
Keele and Steeles,Steeles and Keele
Keele and Weston,Weston and Keele
Keele and Wilson,Wilson and Keele
Kennedy
Kennedy and Lawrence,Lawrence and Kennedy
Kennedy and Sheppard,Sheppard and Kennedy
Kennedy and Steeles,Steeles and Kennedy
Kew
Kew Gardens Park
King and Martin Goodman,King and Queen,Martin Goodman and Queen,Martin Goodman and King,Queen and King,Queen and Martin Goodman
King and Queen,Queen and King
King and Spadina,Spadina and King
King and University,University and King
King and Yonge,Yonge and King
Kingston and Lawrence,Lawrence and Kingston
Kingston and Markham,Markham and Kingston
Kingston and Morningside,Morningside and Kingston
Kingston and Woodbine,Woodbine and Kingston
Kipling and Rexdale,Rexdale and Kipling
Kipling and Steeles,Steeles and Kipling
Kipling and The Queensway,The Queensway and Kipling
Koerner Hall
Lake Shore and Marine Parade,Lake Shore and Park Lawn,Marine Parade and Park Lawn,Marine Parade and Lake Shore,Park Lawn and Lake Shore,Park Lawn and Marine Parade
Lake Shore and Yonge,Yonge and Lake Shore
Lake Shore and York,York and Lake Shore
Lawrence and Leslie,Leslie and Lawrence
Lawrence and Markham,Markham and Lawrence
Lawrence and McCowan,McCowan and Lawrence
Lawrence and Midland,Midland and Lawrence
Lawrence and Mount Pleasant,Mount Pleasant and Lawrence
Lawrence and Scarlett,Scarlett and Lawrence
Lawrence and Victoria Park,Victoria Park and Lawrence
Lawrence and Warden,Warden and Lawrence
Lawrence and Yonge,Yonge and Lawrence
Leslie and Steeles,Steeles and Leslie
Leslie and York Mills,York Mills and Leslie
Lower Ossington Theatre
Mackenzie House
Marie Curtis Park East Beach
Markham and Sheppard,Sheppard and Markham
Martin Grove and Rexdale,Rexdale and Martin Grove
Massey Hall
Mattamy Athletic Centre
McCowan and Sheppard,Sheppard and McCowan
Medieval Times Dinner and Tournament
Metro Toronto Convention Centre
Midland and Sheppard,Sheppard and Midland
Midland and Steeles,Steeles and Midland
Millwood and Overlea,Overlea and Millwood
Molson Canadian Amphitheatre
Montgomery's Inn
Morningside and Sheppard,Sheppard and Morningside
Mount Pleasant
MuchMusic
Museum of Contemporary Canadian Art
Museum of Cultural Heritage of Indo
Museum of Inuit Art
Mysteriously Yours¿ Mystery Dinner Theatre
Native Earth Performing Arts
O'Connor and Pape,Pape and O'Connor
O'Connor and St Clair,St Clair and O'Connor
O'Connor and Woodbine,Woodbine and O'Connor
Old City Hall
Onsite [at] OCADU
Ontario Science Centre
Oriole Pkwy and Oxton,Oxton and Oriole Pkwy
Osgoode Hall
Panasonic Theatre
Papermill Theatre
Park Lawn and The Queensway,The Queensway and Park Lawn
Parkwoods Village and York Mills,York Mills and Parkwoods Village
PawsWay Toronto
Polson Pier
Power Plant Contemporary Art Gallery
Princess of Wales Theatre
Queen Elizabeth Theatre
Queen and Spadina,Spadina and Queen
Queen and University,University and Queen
Queen and Yonge,Yonge and Queen
Queen's Park
Queen's Park and Queen's Park Cres,Queen's Park Cres and Queen's Park
Queen's Park and Queen's Park Cres,Queen's Park Cres and Queen's Park
Queen's Park and Queen's Park Cres,Queen's Park Cres and Queen's Park
Queen's Park and Queen's Park Cres,Queen's Park Cres and Queen's Park
Randolph Academy of the Performing Arts
Redpath Sugar Museum
Richmond and Spadina,Spadina and Richmond
Richmond and University,University and Richmond
Richmond and Yonge,Yonge and Richmond
Ricoh Coliseum
Ripley's Aquarium of Canada
Riverdale Farm
Riverdale Park East
Riverdale Park West
Rogers Centre
Rosetta McClain Gardens
Rouge Beach
Rouge Park
Roy Thomson Hall
Royal Alexandra Theatre
Royal Conservatory of Music
Royal Ontario Museum
Ryerson Image Centre
Ryerson Theatre
Sarah and Chaim Neuberger Holocaust Education Centre
Scarborough Museum
Scarborough Village Theatre
Second City
Sheppard and Victoria Park,Victoria Park and Sheppard
Sheppard and Warden,Warden and Sheppard
Sheppard and Weston,Weston and Sheppard
Sheppard and William R Allen,William R Allen and Sheppard
Sheppard and Yonge,Yonge and Sheppard
Solar Stage Children's Theatre
Sony Centre for the Performing Arts
Spadina Museum
Spadina and Spadina Cres,Spadina Cres and Spadina
St Clair and Victoria Park,Victoria Park and St Clair
St Clair and Warden,Warden and St Clair
St Clair and Yonge,Yonge and St Clair
St. James Park
St. Lawrence Centre for the Arts
St. Lawrence Market & Market Gallery
Steam Whistle Brewery
Steeles and Victoria Park,Victoria Park and Steeles
Steeles and Warden,Warden and Steeles
Steeles and Weston,Weston and Steeles
Steeles and Yonge,Yonge and Steeles
Sugar Beach Park
Sunnyside Beach
TIFF Bell Lightbox
Taras H. Shevchenko Museum
Tarragon Theatre
Textile Museum of Canada
Theatre Centre
Theatre Passe Muraille
Theatre Scarborough
Thompson Landry Gallery
Todmorden Mills Heritage Site
Tommy Thompson Park
Toronto Botanical Gardens and Edwards Gardens
Toronto Centre for the Arts
Toronto City Hall & Nathan Phillips Square
Toronto Coach Terminal
Toronto Congress Centre
Toronto Island Park
Toronto Music Garden
Toronto Pearson International Airport
Toronto Police Museum & Discovery Centre
Toronto Public Labyrinth at Trinity Square
Toronto Railway Museum
Toronto Reference Library
Toronto Sculpture Garden
Toronto Zoo
Toronto's First Post Office
Travellers' Aid Society of Toronto
Ukrainian Museum of Canada
Union Station
Union Station Tourism Information Centre
University of Toronto Art Centre
Village Playhouse
Village of Yorkville Park
Ward's Island Beach
Wilson and Yonge,Wilson and York Mills,Yonge and York Mills,Yonge and Wilson,York Mills and Wilson,York Mills and Yonge
Winchester Street Theatre
Woodbine Beach
Woodbine Racetrack
Woodbine Shopping Centre and Fantasy Fair
Yonge
York Quay Centre
Yorkdale Mall
Young Centre for the Performing Arts
Young People's Theatre
Yuk Yuk's
